dataset,model,method,level,cv_pr_auc
german,logreg,smote,plus_25,0.5925470178040023
german,logreg,smote,plus_50,0.5966125456720273
german,logreg,smote,plus_100,0.580449795580915
german,logreg,smote,balance,0.5788752747109861
german,logreg,borderline_smote,plus_25,0.5910013129004446
german,logreg,borderline_smote,plus_50,0.5856617408098269
german,logreg,borderline_smote,plus_100,0.590543548990952
german,logreg,borderline_smote,balance,0.5852150434371529
german,logreg,adasyn,plus_25,0.5925470178040023
german,logreg,adasyn,plus_50,0.5879931783246475
german,logreg,adasyn,plus_100,0.5738506419508232
german,logreg,adasyn,balance,0.5796645792083669
german,logreg,noise,plus_25,0.5912786470081484
german,logreg,noise,plus_50,0.5947445765465323
german,logreg,noise,plus_100,0.5912427814176978
german,logreg,noise,balance,0.5955576094004772
german,logreg,gmm,plus_25,0.5846442292895616
german,logreg,gmm,plus_50,0.5888960507715784
german,logreg,gmm,plus_100,0.5796793287176571
german,logreg,gmm,balance,0.5811282747210424
german,xgboost,smote,plus_25,0.5897904286865377
german,xgboost,smote,plus_50,0.5943801905238141
german,xgboost,smote,plus_100,0.5878342611754598
german,xgboost,smote,balance,0.5884344560492578
german,xgboost,borderline_smote,plus_25,0.5338050319405325
german,xgboost,borderline_smote,plus_50,0.5757720075611995
german,xgboost,borderline_smote,plus_100,0.5582424525657376
german,xgboost,borderline_smote,balance,0.5610483045834147
german,xgboost,adasyn,plus_25,0.5897904286865377
german,xgboost,adasyn,plus_50,0.5605256296789981
german,xgboost,adasyn,plus_100,0.5652215960023778
german,xgboost,adasyn,balance,0.5604535172741428
german,xgboost,noise,plus_25,0.5751865238172532
german,xgboost,noise,plus_50,0.5813979872092179
german,xgboost,noise,plus_100,0.5811257010375416
german,xgboost,noise,balance,0.568732545809216
german,xgboost,gmm,plus_25,0.5814147532258319
german,xgboost,gmm,plus_50,0.5750495537703559
german,xgboost,gmm,plus_100,0.579479149762236
german,xgboost,gmm,balance,0.5705834806923987
german,catboost,smote,plus_25,0.5668273060581267
german,catboost,smote,plus_50,0.5568169789659629
german,catboost,smote,plus_100,0.5467780691684762
german,catboost,smote,balance,0.5619119866828942
german,catboost,borderline_smote,plus_25,0.549613799142446
german,catboost,borderline_smote,plus_50,0.5589782694789083
german,catboost,borderline_smote,plus_100,0.5539731807835168
german,catboost,borderline_smote,balance,0.5506786642329761
german,catboost,adasyn,plus_25,0.5988794846917948
german,catboost,adasyn,plus_50,0.5958726452058936
german,catboost,adasyn,plus_100,0.5738854110497756
german,catboost,adasyn,balance,0.5869886193164614
german,catboost,noise,plus_25,0.566295890630081
german,catboost,noise,plus_50,0.5692804809066594
german,catboost,noise,plus_100,0.5861259355739631
german,catboost,noise,balance,0.5920173490856612
german,catboost,gmm,plus_25,0.5782210510932324
german,catboost,gmm,plus_50,0.5665295507074758
german,catboost,gmm,plus_100,0.5729416261892742
german,catboost,gmm,balance,0.5652761202160723
giveme,logreg,smote,plus_25,0.2105840126538116
giveme,logreg,smote,plus_50,0.2071414100679587
giveme,logreg,smote,plus_100,0.2061949771378603
giveme,logreg,smote,balance,0.2962252898346818
giveme,logreg,borderline_smote,plus_25,0.213170043319936
giveme,logreg,borderline_smote,plus_50,0.2126834988973126
giveme,logreg,borderline_smote,plus_100,0.2072895587760191
giveme,logreg,borderline_smote,balance,0.2920755038064475
giveme,logreg,adasyn,plus_25,0.2104076805452377
giveme,logreg,adasyn,plus_50,0.2100119643354522
giveme,logreg,adasyn,plus_100,0.2074407543697001
giveme,logreg,adasyn,balance,0.2950166069864231
giveme,logreg,noise,plus_25,0.2050199062955483
giveme,logreg,noise,plus_50,0.2082870581424329
giveme,logreg,noise,plus_100,0.2109503537269149
giveme,logreg,noise,balance,0.2922796582787885
giveme,logreg,gmm,plus_25,0.2116286561633426
giveme,logreg,gmm,plus_50,0.2092948354845056
giveme,logreg,gmm,plus_100,0.2073543137074663
giveme,logreg,gmm,balance,0.3053208668295809
giveme,xgboost,smote,plus_25,0.339333839177808
giveme,xgboost,smote,plus_50,0.3417781469480118
giveme,xgboost,smote,plus_100,0.3429029855007958
giveme,xgboost,smote,balance,0.3318766832070666
giveme,xgboost,borderline_smote,plus_25,0.3393044196734517
giveme,xgboost,borderline_smote,plus_50,0.3432441541776382
giveme,xgboost,borderline_smote,plus_100,0.3462006107802529
giveme,xgboost,borderline_smote,balance,0.3349185328101969
giveme,xgboost,adasyn,plus_25,0.339333839177808
giveme,xgboost,adasyn,plus_50,0.3391801928424736
giveme,xgboost,adasyn,plus_100,0.3455749247082327
giveme,xgboost,adasyn,balance,0.3306058484142533
giveme,xgboost,noise,plus_25,0.3426630048572716
giveme,xgboost,noise,plus_50,0.3443026009666423
giveme,xgboost,noise,plus_100,0.3437332345887576
giveme,xgboost,noise,balance,0.3491958601922289
giveme,xgboost,gmm,plus_25,0.3448459781666559
giveme,xgboost,gmm,plus_50,0.3498518879507257
giveme,xgboost,gmm,plus_100,0.3481234935462864
giveme,xgboost,gmm,balance,0.3469015970070739
giveme,catboost,smote,plus_25,0.3573244295142314
giveme,catboost,smote,plus_50,0.3488505675902555
giveme,catboost,smote,plus_100,0.3416612425695106
giveme,catboost,smote,balance,0.3250027850043568
giveme,catboost,borderline_smote,plus_25,0.3498598252525739
giveme,catboost,borderline_smote,plus_50,0.3490067923469189
giveme,catboost,borderline_smote,plus_100,0.3502931151888453
giveme,catboost,borderline_smote,balance,0.3443520232977881
giveme,catboost,adasyn,plus_25,0.3498659831106363
giveme,catboost,adasyn,plus_50,0.345621524320951
giveme,catboost,adasyn,plus_100,0.3429279214111407
giveme,catboost,adasyn,balance,0.3117417498227601
giveme,catboost,noise,plus_25,0.3441023432886766
giveme,catboost,noise,plus_50,0.3493019954595797
giveme,catboost,noise,plus_100,0.34769936233047
giveme,catboost,noise,balance,0.3455230758314062
giveme,catboost,gmm,plus_25,0.3502921837151407
giveme,catboost,gmm,plus_50,0.3478671463540309
giveme,catboost,gmm,plus_100,0.3525243966517471
giveme,catboost,gmm,balance,0.349138022684669
german,logreg,ctgan,plus_25,0.6004269731223566
german,logreg,ctgan,plus_50,0.5950930956690592
german,logreg,ctgan,plus_100,0.5675091011821533
german,logreg,ctgan,balance,0.5589436709483734
german,xgboost,ctgan,plus_25,0.5928404858725229
german,xgboost,ctgan,plus_50,0.5940321277219005
german,xgboost,ctgan,plus_100,0.5870023915286547
german,xgboost,ctgan,balance,0.5876666611297021
german,catboost,ctgan,plus_25,0.5623157046942806
german,catboost,ctgan,plus_50,0.5754613783251065
german,catboost,ctgan,plus_100,0.5586472851871095
german,catboost,ctgan,balance,0.5789375121950018
giveme,logreg,ctgan,plus_25,0.20985560375301948
giveme,logreg,ctgan,plus_50,0.20100458205985272
giveme,logreg,ctgan,plus_100,0.19774227338181297
giveme,logreg,ctgan,balance,0.193625984355821
giveme,xgboost,ctgan,plus_25,0.34382827663754895
giveme,xgboost,ctgan,plus_50,0.3457464825613363
giveme,xgboost,ctgan,plus_100,0.34952687850973224
giveme,xgboost,ctgan,balance,0.34625042555777547
giveme,catboost,ctgan,plus_25,0.35157566951095176
giveme,catboost,ctgan,plus_50,0.35067306830134887
giveme,catboost,ctgan,plus_100,0.3489239819142951
giveme,catboost,ctgan,balance,0.34504277735991273
