dataset,model,method,level,pr_auc,roc_auc,f1,recall,precision,cv_pr_auc
german,catboost,raw,none,0.663,0.796,0.575,0.833,0.439,0.605
german,catboost,class_weight,none,0.644,0.804,0.594,0.817,0.467,0.586
german,catboost,smote,plus_25,0.662,0.800,0.583,0.850,0.443,0.567
german,catboost,adasyn,plus_25,0.686,0.808,0.574,0.900,0.422,0.599
german,catboost,ctgan,balance,0.686,0.811,0.623,0.717,0.551,0.579
german,logreg,raw,none,0.663,0.809,0.623,0.800,0.511,0.595
german,logreg,class_weight,none,0.651,0.810,0.620,0.817,0.500,0.587
german,logreg,smote,plus_50,0.668,0.808,0.644,0.800,0.539,0.597
german,logreg,adasyn,plus_25,0.674,0.811,0.599,0.833,0.467,0.593
german,logreg,ctgan,plus_25,0.647,0.809,0.636,0.817,0.521,0.600
german,xgboost,raw,none,0.661,0.792,0.559,0.633,0.500,0.597
german,xgboost,class_weight,none,0.631,0.790,0.619,0.717,0.544,0.599
german,xgboost,smote,plus_50,0.644,0.782,0.577,0.717,0.483,0.594
german,xgboost,adasyn,plus_25,0.633,0.778,0.557,0.650,0.487,0.590
german,xgboost,ctgan,plus_50,0.634,0.786,0.590,0.817,0.462,0.594
giveme,catboost,raw,none,0.411,0.869,0.448,0.494,0.410,0.400
giveme,catboost,class_weight,none,0.409,0.869,0.448,0.523,0.392,0.398
giveme,catboost,smote,plus_25,0.411,0.869,0.449,0.493,0.412,0.399
giveme,catboost,adasyn,plus_25,0.411,0.869,0.449,0.493,0.412,0.399
giveme,catboost,ctgan,plus_25,0.413,0.869,0.447,0.494,0.409,0.400
giveme,logreg,raw,none,0.245,0.714,0.331,0.336,0.326,0.234
giveme,logreg,class_weight,none,0.336,0.811,0.404,0.414,0.393,0.321
giveme,logreg,smote,balance,0.312,0.796,0.387,0.399,0.375,0.294
giveme,logreg,adasyn,balance,0.289,0.784,0.366,0.397,0.339,0.272
giveme,logreg,ctgan,balance,0.305,0.797,0.380,0.412,0.353,0.273
giveme,xgboost,raw,none,0.412,0.869,0.449,0.491,0.414,0.400
giveme,xgboost,class_weight,none,0.408,0.869,0.447,0.525,0.389,0.396
giveme,xgboost,smote,plus_25,0.410,0.869,0.444,0.492,0.404,0.398
giveme,xgboost,adasyn,plus_25,0.410,0.869,0.444,0.492,0.404,0.398
giveme,xgboost,ctgan,plus_100,0.414,0.869,0.448,0.527,0.390,0.398
