dataset,model,method,level,cv_pr_auc,optuna_best_cv_pr_auc,pr_auc,roc_auc,f1,recall,precision,threshold,n_train_augmented,seconds,params
german,logreg,raw,none,0.5952882166034723,0.5952882166034723,0.6629945522676918,0.8088095238095239,0.6233766233766234,0.8,0.5106382978723404,0.2992460484748158,800,0.6,"{""C"": 0.08914401041476779}"
german,logreg,class_weight,none,0.5872275283295963,0.5872275283295963,0.6506704832772349,0.8099999999999999,0.620253164556962,0.8166666666666667,0.5,0.5660991551791864,800,0.3,"{""C"": 0.03603517820107174, ""weight_multiplier"": 1.4823567420389785}"
german,logreg,smote,plus_50,0.5966125456720273,0.5987738042375302,0.6683996865261322,0.8077380952380954,0.6442953020134228,0.8,0.5393258426966292,0.3712188499961338,920,1.5,"{""C"": 0.07459343285726547, ""level"": ""plus_25""}"
german,logreg,borderline_smote,plus_25,0.5910013129004446,0.6038786114572904,0.6395299190965008,0.8089285714285713,0.6242038216560509,0.8166666666666667,0.5051546391752577,0.3225925746560799,860,0.5,"{""C"": 0.07459343285726547, ""level"": ""plus_25""}"
german,logreg,adasyn,plus_25,0.5925470178040023,0.5987738042375302,0.6740231170712231,0.8111904761904762,0.5988023952095808,0.8333333333333334,0.4672897196261682,0.277929838347175,860,0.8,"{""C"": 0.07459343285726547, ""level"": ""plus_25""}"
german,logreg,noise,balance,0.5955576094004772,0.5925882469768303,0.6450831555982038,0.8071428571428573,0.6666666666666666,0.7666666666666667,0.5897435897435898,0.5518298602074646,1120,0.4,"{""C"": 0.14445251022763067, ""noise_scale"": 0.1664916560792168, ""level"": ""plus_25""}"
german,logreg,gmm,plus_50,0.5888960507715784,0.5987825096818796,0.6423780337342435,0.8059523809523809,0.5895953757225434,0.85,0.4513274336283185,0.2814005062360351,920,0.6,"{""C"": 0.14445251022763067, ""gmm_components"": 2, ""level"": ""plus_25""}"
german,xgboost,raw,none,0.5967801161847716,0.5967801161847716,0.6607308512197108,0.7925,0.5588235294117647,0.6333333333333333,0.5,0.3318193572759628,800,1.1,"{""max_depth"": 4, ""learning_rate"": 0.033386559524717176, ""n_estimators"": 202, ""min_child_weight"": 2, ""subsample"": 0.7195154778955838, ""colsample_bytree"": 0.984665661176, ""reg_lambda"": 7.886714129990493}"
german,xgboost,class_weight,none,0.5988112571752872,0.5988112571752872,0.631494749870585,0.7895238095238095,0.6187050359712231,0.7166666666666667,0.5443037974683544,0.3269371807575226,800,0.6,"{""max_depth"": 4, ""learning_rate"": 0.19578744082898478, ""n_estimators"": 150, ""min_child_weight"": 5, ""subsample"": 0.7214331282376084, ""colsample_bytree"": 0.984369537174369, ""reg_lambda"": 4.222408969731967, ""weight_multiplier"": 0.5919711296094692}"
german,xgboost,smote,plus_50,0.5943801905238141,0.6075729497385197,0.6436821707873464,0.7825,0.5771812080536913,0.7166666666666667,0.4831460674157303,0.3171507346630096,920,2.0,"{""max_depth"": 6, ""learning_rate"": 0.08898896996100197, ""n_estimators"": 104, ""min_child_weight"": 6, ""subsample"": 0.9282355145850693, ""colsample_bytree"": 0.8683831592708489, ""reg_lambda"": 2.055424552015075, ""level"": ""plus_50""}"
german,xgboost,borderline_smote,plus_50,0.5757720075611995,0.5772877947732448,0.6380773019116385,0.7938095238095237,0.5864661654135338,0.65,0.5342465753424658,0.3653284850716591,920,1.0,"{""max_depth"": 6, ""learning_rate"": 0.20396887264773383, ""n_estimators"": 122, ""min_child_weight"": 2, ""subsample"": 0.7550213529560301, ""colsample_bytree"": 0.7912726728878613, ""reg_lambda"": 0.37520558551242816, ""level"": ""plus_100""}"
german,xgboost,adasyn,plus_25,0.5897904286865377,0.586537503134723,0.6327233337985683,0.7777380952380952,0.5571428571428572,0.65,0.4875,0.3309119310975075,860,1.3,"{""max_depth"": 6, ""learning_rate"": 0.08898896996100197, ""n_estimators"": 104, ""min_child_weight"": 6, ""subsample"": 0.9282355145850693, ""colsample_bytree"": 0.8683831592708489, ""reg_lambda"": 2.055424552015075, ""level"": ""plus_50""}"
german,xgboost,noise,plus_50,0.5813979872092179,0.5820419054885836,0.6632609522304469,0.7998809523809524,0.5891472868217055,0.6333333333333333,0.5507246376811594,0.3759812206029892,920,1.1,"{""max_depth"": 3, ""learning_rate"": 0.037565862861181167, ""n_estimators"": 217, ""min_child_weight"": 4, ""subsample"": 0.7366114704534336, ""colsample_bytree"": 0.848553073033381, ""reg_lambda"": 0.012681352169084602, ""noise_scale"": 0.41372816083151287, ""level"": ""plus_50""}"
german,xgboost,gmm,plus_25,0.5814147532258319,0.5891792701728801,0.6609769179946783,0.811547619047619,0.6143790849673203,0.7833333333333333,0.5053763440860215,0.2794008415937424,860,1.1,"{""max_depth"": 4, ""learning_rate"": 0.08029015070298227, ""n_estimators"": 85, ""min_child_weight"": 1, ""subsample"": 0.7094287557060203, ""colsample_bytree"": 0.8909231233791342, ""reg_lambda"": 0.08771380343280563, ""gmm_components"": 3, ""level"": ""plus_25""}"
german,catboost,raw,none,0.6051109567289176,0.6051109567289176,0.6625572015004635,0.795952380952381,0.5747126436781609,0.8333333333333334,0.4385964912280701,0.2060542753123073,800,5.8,"{""depth"": 5, ""learning_rate"": 0.04627124307198373, ""iterations"": 249, ""l2_leaf_reg"": 4.18287119928845}"
german,catboost,class_weight,none,0.5859325507743777,0.5859325507743777,0.6443440915629528,0.8036904761904762,0.593939393939394,0.8166666666666667,0.4666666666666667,0.3176766246470207,800,4.7,"{""depth"": 3, ""learning_rate"": 0.2799181807327699, ""iterations"": 247, ""l2_leaf_reg"": 2.9110519961044856, ""weight_multiplier"": 0.9545624180177515}"
german,catboost,smote,plus_25,0.5668273060581267,0.6010487435710489,0.6618771221380496,0.7998809523809524,0.5828571428571429,0.85,0.4434782608695652,0.2547797225377823,860,6.5,"{""depth"": 4, ""learning_rate"": 0.18293517328594538, ""iterations"": 120, ""l2_leaf_reg"": 5.628109945722504, ""level"": ""plus_100""}"
german,catboost,borderline_smote,plus_50,0.5589782694789083,0.5814761246096096,0.5448526003797658,0.7495238095238095,0.5714285714285714,0.7333333333333333,0.4680851063829787,0.3637249998454637,920,5.0,"{""depth"": 3, ""learning_rate"": 0.0938205911034111, ""iterations"": 86, ""l2_leaf_reg"": 9.18388361870904, ""level"": ""plus_50""}"
german,catboost,adasyn,plus_25,0.5988794846917948,0.5913863196723999,0.6862621082743722,0.8075000000000001,0.574468085106383,0.9,0.421875,0.1882271496970619,860,11.5,"{""depth"": 5, ""learning_rate"": 0.045917233096500525, ""iterations"": 274, ""l2_leaf_reg"": 7.976195410250031, ""level"": ""plus_25""}"
german,catboost,noise,balance,0.5920173490856612,0.5958063333024998,0.6613303302912632,0.795595238095238,0.5549132947976878,0.8,0.4247787610619469,0.2347071049443196,1120,9.2,"{""depth"": 4, ""learning_rate"": 0.05866112598823573, ""iterations"": 202, ""l2_leaf_reg"": 2.2554447458683766, ""noise_scale"": 0.16685785941408726, ""level"": ""plus_100""}"
german,catboost,gmm,plus_25,0.5782210510932324,0.5949429591233021,0.7080392776926115,0.819404761904762,0.6442953020134228,0.8,0.5393258426966292,0.320142440582881,860,6.6,"{""depth"": 5, ""learning_rate"": 0.11736424885649084, ""iterations"": 89, ""l2_leaf_reg"": 6.467903667112945, ""gmm_components"": 1, ""level"": ""plus_100""}"
giveme,logreg,raw,none,0.213115263186442,0.213115263186442,0.1664171965162411,0.6135423252436604,0.2519083969465648,0.308411214953271,0.2129032258064516,0.1035873703006166,6400,0.5,"{""C"": 71.06361724509843}"
giveme,logreg,class_weight,none,0.3089972944844822,0.3089972944844822,0.2742453980705016,0.7659670362000863,0.3465346534653465,0.3271028037383177,0.3684210526315789,0.87586162754905,6400,0.6,"{""C"": 9.520788083667757, ""weight_multiplier"": 2.898890476414917}"
giveme,logreg,smote,balance,0.2962252898346818,0.3010515887436696,0.2561768759984142,0.750411578018291,0.3260869565217391,0.2803738317757009,0.3896103896103896,0.7715505351842703,11944,0.9,"{""C"": 70.41830285015996, ""level"": ""balance""}"
giveme,logreg,borderline_smote,balance,0.2920755038064475,0.2917664670639963,0.2413806003306695,0.7357199641942772,0.3232323232323232,0.2990654205607476,0.3516483516483517,0.7494635008213352,11944,1.5,"{""C"": 70.41830285015996, ""level"": ""balance""}"
giveme,logreg,adasyn,balance,0.2950166069864231,0.2952114457121133,0.2533855808910498,0.7483709022165745,0.336734693877551,0.308411214953271,0.3707865168539326,0.7311721537139853,11974,1.4,"{""C"": 84.90153962241598, ""level"": ""balance""}"
giveme,logreg,noise,balance,0.2922796582787885,0.2927887473643762,0.2428293853433652,0.7381800426914384,0.34,0.3177570093457944,0.3655913978494624,0.6683159346993727,11944,0.5,"{""C"": 14.528246637516036, ""noise_scale"": 0.13493564427131047, ""level"": ""balance""}"
giveme,logreg,gmm,balance,0.3053208668295809,0.3077692029550847,0.2616552732216105,0.750417837760014,0.3534482758620689,0.3831775700934579,0.328,0.6328788357375521,11944,0.8,"{""C"": 27.824698939469513, ""gmm_components"": 4, ""level"": ""balance""}"
giveme,xgboost,raw,none,0.3458500530628583,0.3458500530628583,0.3515981294781699,0.823371997671376,0.4326530612244898,0.4953271028037383,0.3840579710144927,0.1793532513082028,6400,1.3,"{""max_depth"": 2, ""learning_rate"": 0.04576418837415782, ""n_estimators"": 141, ""min_child_weight"": 5, ""subsample"": 0.8295835055926347, ""colsample_bytree"": 0.7873687420594125, ""reg_lambda"": 0.6847920095574782}"
giveme,xgboost,class_weight,none,0.3372598478414865,0.3372598478414865,0.3392966062013011,0.8274345700496397,0.437956204379562,0.5607476635514018,0.3592814371257485,0.7377129393815993,6400,1.2,"{""max_depth"": 2, ""learning_rate"": 0.047109025136420124, ""n_estimators"": 89, ""min_child_weight"": 3, ""subsample"": 0.8166031869068445, ""colsample_bytree"": 0.7814047095321688, ""reg_lambda"": 3.0634622106220815, ""weight_multiplier"": 1.3918833167339733}"
giveme,xgboost,smote,plus_100,0.3429029855007958,0.3419285252121615,0.340219187221883,0.8273625830198246,0.4381625441696113,0.5794392523364486,0.3522727272727273,0.2065511274337768,6828,2.4,"{""max_depth"": 2, ""learning_rate"": 0.032251538776689216, ""n_estimators"": 207, ""min_child_weight"": 3, ""subsample"": 0.8525712073494108, ""colsample_bytree"": 0.9722699421778279, ""reg_lambda"": 0.05595986878006082, ""level"": ""plus_50""}"
giveme,xgboost,borderline_smote,plus_100,0.3462006107802529,0.3447001373992389,0.339458197112739,0.8188055160844063,0.4206008583690987,0.4579439252336448,0.3888888888888889,0.2662128734588623,6828,2.5,"{""max_depth"": 2, ""learning_rate"": 0.032251538776689216, ""n_estimators"": 207, ""min_child_weight"": 3, ""subsample"": 0.8525712073494108, ""colsample_bytree"": 0.9722699421778279, ""reg_lambda"": 0.05595986878006082, ""level"": ""plus_50""}"
giveme,xgboost,adasyn,plus_100,0.3455749247082327,0.3463775801617825,0.3495243367448023,0.824029270552297,0.4359861591695502,0.5887850467289719,0.3461538461538461,0.1978142112493514,6804,2.5,"{""max_depth"": 2, ""learning_rate"": 0.032251538776689216, ""n_estimators"": 207, ""min_child_weight"": 3, ""subsample"": 0.8525712073494108, ""colsample_bytree"": 0.9722699421778279, ""reg_lambda"": 0.05595986878006082, ""level"": ""plus_50""}"
giveme,xgboost,noise,balance,0.3491958601922289,0.3410790792335465,0.3666147411379982,0.8214972050253206,0.4472573839662447,0.4953271028037383,0.4076923076923077,0.1578193855285644,11944,1.9,"{""max_depth"": 2, ""learning_rate"": 0.0795624876600559, ""n_estimators"": 118, ""min_child_weight"": 4, ""subsample"": 0.9042866776658931, ""colsample_bytree"": 0.9449139112387672, ""reg_lambda"": 3.3768826798843015, ""noise_scale"": 0.2537684601644622, ""level"": ""plus_100""}"
giveme,xgboost,gmm,plus_50,0.3498518879507257,0.3481589039373489,0.3525879379343355,0.8225081533135943,0.4220183486238532,0.4299065420560747,0.4144144144144144,0.2017334765195846,6614,2.3,"{""max_depth"": 2, ""learning_rate"": 0.055154542705249596, ""n_estimators"": 166, ""min_child_weight"": 2, ""subsample"": 0.9086878624890048, ""colsample_bytree"": 0.9396573003532513, ""reg_lambda"": 0.41067983187530716, ""gmm_components"": 4, ""level"": ""plus_100""}"
giveme,catboost,raw,none,0.3566783980394118,0.3566783980394118,0.3596655213337878,0.8318789866730099,0.4521739130434782,0.4859813084112149,0.4227642276422764,0.1673594443991305,6400,3.0,"{""depth"": 3, ""learning_rate"": 0.04649739767911508, ""iterations"": 90, ""l2_leaf_reg"": 9.556625579914236}"
giveme,catboost,class_weight,none,0.3531368106365285,0.3531368106365285,0.3366594404929961,0.823306270383284,0.4267782426778242,0.4766355140186916,0.3863636363636363,0.868962049481238,6400,4.3,"{""depth"": 3, ""learning_rate"": 0.034292951628939645, ""iterations"": 254, ""l2_leaf_reg"": 6.41003510568888, ""weight_multiplier"": 2.2701814444901136}"
giveme,catboost,smote,plus_25,0.3573244295142314,0.3525335637148586,0.3496811533550758,0.8310808696033201,0.4621848739495798,0.514018691588785,0.4198473282442748,0.1949765225383414,6507,4.3,"{""depth"": 3, ""learning_rate"": 0.06326888531120467, ""iterations"": 167, ""l2_leaf_reg"": 6.3415188111511736, ""level"": ""plus_50""}"
giveme,catboost,borderline_smote,plus_100,0.3502931151888453,0.3511192684412612,0.3425191681730195,0.8278320636490538,0.4460966542750929,0.5607476635514018,0.3703703703703703,0.2045927859966403,6828,4.3,"{""depth"": 3, ""learning_rate"": 0.047109025136420124, ""iterations"": 89, ""l2_leaf_reg"": 3.927972976869379, ""level"": ""plus_100""}"
giveme,catboost,adasyn,plus_25,0.3498659831106363,0.3477226584067576,0.3581319571183666,0.8284549079504977,0.4565217391304347,0.5887850467289719,0.3727810650887574,0.1636364893562635,6507,4.8,"{""depth"": 4, ""learning_rate"": 0.10466882235417663, ""iterations"": 108, ""l2_leaf_reg"": 8.219772826786357, ""level"": ""plus_50""}"
giveme,catboost,noise,plus_50,0.3493019954595797,0.3521732591955357,0.3728604971640419,0.8289619470300656,0.4347826086956521,0.514018691588785,0.3767123287671233,0.1773913509146985,6614,5.8,"{""depth"": 5, ""learning_rate"": 0.11747692064542758, ""iterations"": 119, ""l2_leaf_reg"": 7.124327631334933, ""noise_scale"": 0.20325234697157324, ""level"": ""plus_25""}"
giveme,catboost,gmm,plus_100,0.3525243966517471,0.3496737675881025,0.3669508795986668,0.8280355052550531,0.4191176470588235,0.5327102803738317,0.3454545454545454,0.1375524904405089,6828,6.7,"{""depth"": 5, ""learning_rate"": 0.06149394156285053, ""iterations"": 184, ""l2_leaf_reg"": 5.920392514089517, ""gmm_components"": 1, ""level"": ""plus_25""}"
german,logreg,ctgan,plus_25,0.6004269731223566,0.6004269731223566,0.6466275686478946,0.8091666666666667,0.6363636363636364,0.8166666666666667,0.5212765957446809,0.32638931387890185,860,0.6,"{""C"": 0.04907594950180537, ""level"": ""plus_25""}"
german,xgboost,ctgan,plus_50,0.5940321277219005,0.5944756029112956,0.6342945790944865,0.7860714285714286,0.5903614457831325,0.8166666666666667,0.46226415094339623,0.23233941882848738,920,1.0,"{""max_depth"": 6, ""learning_rate"": 0.08898896996100197, ""n_estimators"": 104, ""min_child_weight"": 6, ""subsample"": 0.9282355145850693, ""colsample_bytree"": 0.8683831592708489, ""reg_lambda"": 2.055424552015075, ""level"": ""plus_50""}"
german,catboost,ctgan,balance,0.5789375121950018,0.604586126812193,0.6856957341063992,0.8107142857142857,0.6231884057971014,0.7166666666666667,0.5512820512820513,0.3320910954889777,1120,7.4,"{""depth"": 3, ""learning_rate"": 0.2666900372105678, ""iterations"": 274, ""l2_leaf_reg"": 8.27557613304815, ""level"": ""plus_100""}"
giveme,logreg,ctgan,plus_25,0.20985560375301948,0.20985560375301948,0.12477862798895867,0.5789948106741116,0.12794612794612795,0.17757009345794392,0.1,0.12669709064749488,6507,0.4,"{""C"": 48.34029604325172, ""level"": ""plus_25""}"
giveme,xgboost,ctgan,plus_100,0.34952687850973224,0.3486696018755835,0.348676381081254,0.8246364654994335,0.44360902255639095,0.5514018691588785,0.3710691823899371,0.1516359239816666,6828,2.2,"{""max_depth"": 2, ""learning_rate"": 0.032251538776689216, ""n_estimators"": 207, ""min_child_weight"": 3, ""subsample"": 0.8525712073494108, ""colsample_bytree"": 0.9722699421778279, ""reg_lambda"": 0.05595986878006082, ""level"": ""plus_50""}"
giveme,catboost,ctgan,plus_25,0.35157566951095176,0.3539479634571512,0.3492398279328601,0.8287553755532047,0.44813278008298757,0.5046728971962616,0.40298507462686567,0.15577868456305677,6507,4.0,"{""depth"": 3, ""learning_rate"": 0.0938205911034111, ""iterations"": 86, ""l2_leaf_reg"": 9.18388361870904, ""level"": ""plus_50""}"
