method,n_synthetic,wasserstein_num,ks_num,corr_frobenius,js_categorical,dataset
smote,320,0.0790097401902952,0.0839285714285714,0.3461762805496547,0.0333539013997008,german
borderline_smote,320,0.1498430364092526,0.1238095238095238,0.5205363069835917,0.0154515012621662,german
adasyn,286,0.140539910638336,0.1238553113553113,0.3205833992580764,0.0148011726567141,german
noise,320,0.0953361203100617,0.23125,0.2613436207331224,0.0011549019383522,german
gmm,320,0.3080580301633794,0.2936011904761905,0.9233146118956956,0.0069127869828569,german
smote,5544,0.0388730405380024,0.0843501773408315,0.2960252314445475,,giveme
borderline_smote,5544,0.1899127954851688,0.12052787555124,2.279717645096492,,giveme
adasyn,5574,0.1130482746732822,0.0946313659212163,0.3135625450263887,,giveme
noise,5544,0.0740993266874979,0.2542467397607584,0.4118610583066907,,giveme
gmm,5544,0.192338684455431,0.270773657806368,1.0615073418158505,,giveme
ctgan,320,0.5495907339139883,0.48482142857142857,1.1454127077269478,0.0023782088839236926,german
ctgan,5544,1.0220665817003434,0.4033367722620058,2.74877846514695,,giveme
